automaticWeatherStationID,automaticWeatherStation_en,automaticWeatherStation_sc,automaticWeatherStation_uc,data_url,GeometryLongitude,GeometryLatitude
RF001,Lau Fau Shan,流浮山,流浮山,https://data.weather.gov.hk/weatherAPI/hko_data/csdi/dataset/rf_hourly_RF001.json,113.98361111000008,22.468888890000073
RF002,Wetland Park,湿地公园,濕地公園,https://data.weather.gov.hk/weatherAPI/hko_data/csdi/dataset/rf_hourly_RF002.json,114.0088888900001,22.466666670000052
RF003,Shui Pin Wai,水边围,水邊圍,https://data.weather.gov.hk/weatherAPI/hko_data/csdi/dataset/rf_hourly_N12.json,114.02096340000003,22.446146260000035
RF004,Shek Kong,石岗,石崗,https://data.weather.gov.hk/weatherAPI/hko_data/csdi/dataset/rf_hourly_RF003.json,114.08472222000012,22.43611111000007
RF005,Tai Mei Tuk,大美督,大美督,https://data.weather.gov.hk/weatherAPI/hko_data/csdi/dataset/rf_hourly_RF004.json,114.23750000000007,22.475277780000056
RF006,Tai Po Market,大埔墟,大埔墟,https://data.weather.gov.hk/weatherAPI/hko_data/csdi/dataset/rf_hourly_RF005.json,114.17166667000004,22.44555556000006
RF007,Pak Tam Chung,北潭涌,北潭涌,https://data.weather.gov.hk/weatherAPI/hko_data/csdi/dataset/rf_hourly_RF006.json,114.32305556000006,22.402777780000065
RF008,Kau Sai Chau,滘西洲,滘西洲,https://data.weather.gov.hk/weatherAPI/hko_data/csdi/dataset/rf_hourly_RF007.json,114.31250000000011,22.370277780000038
RF009,Sai Kung,西贡,西貢,https://data.weather.gov.hk/weatherAPI/hko_data/csdi/dataset/rf_hourly_N15.json,114.2702835,22.38261834000008
RF010,Tseung Kwan O,将军澳,將軍澳,https://data.weather.gov.hk/weatherAPI/hko_data/csdi/dataset/rf_hourly_RF008.json,114.25555556000006,22.315833330000032
RF011,Clear Water Bay,清水湾,清水灣,https://data.weather.gov.hk/weatherAPI/hko_data/csdi/dataset/rf_hourly_RF009.json,114.29972222000004,22.263333330000023
RF012,Waglan Island,横澜岛,橫瀾島,https://data.weather.gov.hk/weatherAPI/hko_data/csdi/dataset/rf_hourly_RF010.json,114.3033333300001,22.18222222000003
RF013,Cheung Chau,长洲,長洲,https://data.weather.gov.hk/weatherAPI/hko_data/csdi/dataset/rf_hourly_RF011.json,114.02666667000005,22.201111110000056
RF014,Peng Chau,坪洲,坪洲,https://data.weather.gov.hk/weatherAPI/hko_data/csdi/dataset/rf_hourly_RF012.json,114.04333333000011,22.29111111000003
RF015,Ngong Ping,昂坪,昂坪,https://data.weather.gov.hk/weatherAPI/hko_data/csdi/dataset/rf_hourly_RF013.json,113.91138890000002,22.25555556000006
RF016,Hong Kong International Airport,香港国际机场,香港國際機場,https://data.weather.gov.hk/weatherAPI/hko_data/csdi/dataset/rf_hourly_RF014.json,113.92194444000006,22.30944444000005
RF017,Ta Kwu Ling,打鼓岭,打鼓嶺,https://data.weather.gov.hk/weatherAPI/hko_data/csdi/dataset/rf_hourly_RF015.json,114.15666667000005,22.528611110000043
RF018,Sheung Shui,上水,上水,https://data.weather.gov.hk/weatherAPI/hko_data/csdi/dataset/rf_hourly_RF016.json,114.11111111000002,22.501944440000045
RF019,Tai Lung,大陇,大隴,https://data.weather.gov.hk/weatherAPI/hko_data/csdi/dataset/rf_hourly_RF017.json,114.11750000000006,22.484722220000037
RF020,Tsuen Wan Ho Koon,荃湾可观,荃灣可觀,https://data.weather.gov.hk/weatherAPI/hko_data/csdi/dataset/rf_hourly_RF018.json,114.1077777800001,22.38361111000006
RF021,Tuen Mun,屯门,屯門,https://data.weather.gov.hk/weatherAPI/hko_data/csdi/dataset/rf_hourly_RF019.json,113.96416667000005,22.385833330000025
RF022,Sha Tin,沙田,沙田,https://data.weather.gov.hk/weatherAPI/hko_data/csdi/dataset/rf_hourly_RF020.json,114.21000000000004,22.402500000000032
RF023,Cheung Ching,长青,長青,https://data.weather.gov.hk/weatherAPI/hko_data/csdi/dataset/rf_hourly_RF021.json,114.10916667000004,22.348055560000034
RF024,Sham Shui Po,深水埗,深水埗,https://data.weather.gov.hk/weatherAPI/hko_data/csdi/dataset/rf_hourly_RF022.json,114.1369444400001,22.33583333000007
RF025,Hong Kong Observatory,天文台,香港天文台,https://data.weather.gov.hk/weatherAPI/hko_data/csdi/dataset/rf_hourly_RF023.json,114.17416667000009,22.301944440000057
RF026,King’s Park,京士柏,京士柏,https://data.weather.gov.hk/weatherAPI/hko_data/csdi/dataset/rf_hourly_RF024.json,114.17277778000005,22.311944440000048
RF027,Broadcast Drive,广播道,廣播道,https://data.weather.gov.hk/weatherAPI/hko_data/csdi/dataset/rf_hourly_K02.json,114.17892222000012,22.34299050000004
RF028,Kai Tak,启德,啟德,https://data.weather.gov.hk/weatherAPI/hko_data/csdi/dataset/rf_hourly_RF025.json,114.21333333000007,22.309722220000026
RF029,San Po Kong,新蒲岗,新蒲崗,https://data.weather.gov.hk/weatherAPI/hko_data/csdi/dataset/rf_hourly_K09.json,114.19570500000009,22.33257776000005
RF030,Kwun Tong,观塘,觀塘,https://data.weather.gov.hk/weatherAPI/hko_data/csdi/dataset/rf_hourly_K03.json,114.2246166000001,22.31861151000004
RF031,Shau Kei Wan,筲箕湾,筲箕灣,https://data.weather.gov.hk/weatherAPI/hko_data/csdi/dataset/rf_hourly_RF026.json,114.23611111000002,22.28166667000005
RF032,Happy Valley,跑马地,跑馬地,https://data.weather.gov.hk/weatherAPI/hko_data/csdi/dataset/rf_hourly_RF027.json,114.18361111000002,22.270555560000048
RF033,The Peak,山顶,山頂,https://data.weather.gov.hk/weatherAPI/hko_data/csdi/dataset/rf_hourly_RF028.json,114.15500000000009,22.264166670000066
RF034,Magazine Gap,马己仙峡,馬己仙峽,https://data.weather.gov.hk/weatherAPI/hko_data/csdi/dataset/rf_hourly_H17.json,114.16407860000004,22.271730280000043
RF035,Stanley,赤柱,赤柱,https://data.weather.gov.hk/weatherAPI/hko_data/csdi/dataset/rf_hourly_H15.json,114.2156599000001,22.21557006000006
RF036,Wong Chuk Hang,黄竹坑,黄竹坑,https://data.weather.gov.hk/weatherAPI/hko_data/csdi/dataset/rf_hourly_H24.json,114.1735589000001,22.251267850000033
